{
  "sorting": "ascending",
  "count_libraries": true,
  "compact_list": false,
  "count_children": true,
  "mods_button_style": "icon",
  "game_menu_button_style": "replace_bugs",
  "count_hidden_mods": true,
  "mod_count_location": "none",
  "hide_mod_links": false,
  "show_libraries": false,
  "hide_mod_license": false,
  "hide_badges": false,
  "hide_mod_credits": false,
  "easter_eggs": false,
  "modify_title_screen": true,
  "modify_game_menu": true,
  "hide_config_buttons": false,
  "random_java_colors": true,
  "translate_names": true,
  "translate_descriptions": true,
  "config_mode": false,
  "disable_drag_and_drop": false,
  "hidden_mods": [],
  "hidden_configs": [],
  "disable_update_checker": [],
  "update_checker": true,
  "button_update_badge": false,
  "quick_configure": false
}